0,1,2,3,4
1055623002_8195a43714.jpg#0,a group of four white children wearing pajamas have a pillow fight .,1055623002_8195a43714.jpg,flickr8k/Flicker8k_Dataset,norm_mention
1057089366_ca83da0877.jpg#0,a white boy descends off the end of a high diving board .,1057089366_ca83da0877.jpg,flickr8k/Flicker8k_Dataset,norm_mention
1082379191_ec1e53f996.jpg#0,a white lady and a man with no shirt sit on a dock .,1082379191_ec1e53f996.jpg,flickr8k/Flicker8k_Dataset,norm_mention
109202756_b97fcdc62c.jpg#0,a white woman dressed in a blue jacket and blue jeans rides a brown horse near a frozen lake and snow-covered mountain .,109202756_b97fcdc62c.jpg,flickr8k/Flicker8k_Dataset,norm_mention
1118557877_736f339752.jpg#0,a little white boy stands in the surf .,1118557877_736f339752.jpg,flickr8k/Flicker8k_Dataset,norm_mention
1245022983_fb329886dd.jpg#0,a white child in all pink is posing nearby a stroller with buildings in the distance .,1245022983_fb329886dd.jpg,flickr8k/Flicker8k_Dataset,norm_mention
1248734482_3038218f3b.jpg#0,a close-up of a young white girl with a pink shirt laying on grass .,1248734482_3038218f3b.jpg,flickr8k/Flicker8k_Dataset,norm_mention
1285067106_2adc307240.jpg#0,a white boy in white plays baseball .,1285067106_2adc307240.jpg,flickr8k/Flicker8k_Dataset,norm_mention
1303335399_b3facd47ab.jpg#0,a baby white boy wearing a shoulder life saver is at the very edge of an orange pool slide .,1303335399_b3facd47ab.jpg,flickr8k/Flicker8k_Dataset,norm_mention
1307635496_94442dc21a.jpg#0,a white boy wearing black sandals runs along the grass .,1307635496_94442dc21a.jpg,flickr8k/Flicker8k_Dataset,norm_mention
1342780478_bacc32344d.jpg#0,a white man in a dress shirt and tie is standing in front of a sign selling donuts .,1342780478_bacc32344d.jpg,flickr8k/Flicker8k_Dataset,norm_mention
138718600_f430ebca17.jpg#0,two bicycles are standing behind two white people sitting on the grass near a body of water .,138718600_f430ebca17.jpg,flickr8k/Flicker8k_Dataset,norm_mention
1387785218_cee67735f5.jpg#0,a white child pushes a doll in a baby carriage .,1387785218_cee67735f5.jpg,flickr8k/Flicker8k_Dataset,norm_mention
140526326_da07305c1c.jpg#0,a white man rock climbs with a city and body of water in the background .,140526326_da07305c1c.jpg,flickr8k/Flicker8k_Dataset,norm_mention
1446053356_a924b4893f.jpg#0,white children participate in a sport on a green field while in uniforms .,1446053356_a924b4893f.jpg,flickr8k/Flicker8k_Dataset,norm_mention
1463732807_0cdf4f22c7.jpg#0,a white boy on a playground swing strikes a medatative pose .,1463732807_0cdf4f22c7.jpg,flickr8k/Flicker8k_Dataset,norm_mention
1469358746_2a879abaf3.jpg#0,a white man and his dog in the mountains .,1469358746_2a879abaf3.jpg,flickr8k/Flicker8k_Dataset,norm_mention
1472249944_d887c3aeda.jpg#0,a white girl squats on a rock while another stands by her .,1472249944_d887c3aeda.jpg,flickr8k/Flicker8k_Dataset,norm_mention
1499495021_d295ce577c.jpg#0,"a dark haired white woman wearing a brown jacket and fatigue bottoms and a balding man wearing a green sweater and blue jeans with a fishing pole , stand at the foot of the surf .",1499495021_d295ce577c.jpg,flickr8k/Flicker8k_Dataset,norm_mention
150582765_bad8dec237.jpg#0,a white girl wearing a pink hoodie looks through her camera .,150582765_bad8dec237.jpg,flickr8k/Flicker8k_Dataset,norm_mention
1509786421_f03158adfc.jpg#0,a white boy points .,1509786421_f03158adfc.jpg,flickr8k/Flicker8k_Dataset,norm_mention
1550772959_9ca9fa625f.jpg#0,a white girl sits with excavating tools examining a rock .,1550772959_9ca9fa625f.jpg,flickr8k/Flicker8k_Dataset,norm_mention
1563731247_7f21d8bec0.jpg#0,a white child plays on the ground in a pile of leaves .,1563731247_7f21d8bec0.jpg,flickr8k/Flicker8k_Dataset,norm_mention
1580671272_3e99d94305.jpg#0,a white boy holds a red bucket up to a pony .,1580671272_3e99d94305.jpg,flickr8k/Flicker8k_Dataset,norm_mention
1606988704_fe330878a3.jpg#0,three white children playing in hay,1606988704_fe330878a3.jpg,flickr8k/Flicker8k_Dataset,norm_mention
170100272_d820db2199.jpg#0,a white child is on a slide .,170100272_d820db2199.jpg,flickr8k/Flicker8k_Dataset,norm_mention
1732436777_950bcdc9b8.jpg#0,a couple on the stairs are photographing a white man and wo embracing in front of a building .,1732436777_950bcdc9b8.jpg,flickr8k/Flicker8k_Dataset,norm_mention
1858963639_4588cd4be9.jpg#0,a white girl with a red helmet carying a lot of rope .,1858963639_4588cd4be9.jpg,flickr8k/Flicker8k_Dataset,norm_mention
1860543210_47e94cf652.jpg#0,a white guy in gray is walking across the street at night .,1860543210_47e94cf652.jpg,flickr8k/Flicker8k_Dataset,norm_mention
1884727806_d84f209868.jpg#0,a white man and a wo wear mickey mouse ears at an event .,1884727806_d84f209868.jpg,flickr8k/Flicker8k_Dataset,norm_mention
2055646179_169807fed4.jpg#0,"a white boy holding a hose next to a man while another  watches on , held by a woman .",2055646179_169807fed4.jpg,flickr8k/Flicker8k_Dataset,norm_mention
2138487671_5b89104043.jpg#0,a young white boy jumping into a lake .,2138487671_5b89104043.jpg,flickr8k/Flicker8k_Dataset,norm_mention
2144846312_d4c738dc6c.jpg#1,a little white boy with baby food on his face .,2144846312_d4c738dc6c.jpg,flickr8k/Flicker8k_Dataset,norm_mention
2159447283_fab8c272b0.jpg#0,a white girl riding a toy horse in a spider-man costume,2159447283_fab8c272b0.jpg,flickr8k/Flicker8k_Dataset,norm_mention
2171576939_d1e72daab2.jpg#1,a small white child wearing winter clothes smiles while standing in the snow .,2171576939_d1e72daab2.jpg,flickr8k/Flicker8k_Dataset,norm_mention
217583047_5e93e1e119.jpg#0,a white man in a white boat is rowing through fog .,217583047_5e93e1e119.jpg,flickr8k/Flicker8k_Dataset,norm_mention
2196316998_3b2d63f01f.jpg#0,a white man grabs the end of a set of bagpipes while another  plays .,2196316998_3b2d63f01f.jpg,flickr8k/Flicker8k_Dataset,norm_mention
2204550058_2707d92338.jpg#0,a white lady stands in the middle of a crowd wearing white gloves .,2204550058_2707d92338.jpg,flickr8k/Flicker8k_Dataset,norm_mention
2208055895_37cd8e1edf.jpg#0,a white boy stands inside a half-completed igloo .,2208055895_37cd8e1edf.jpg,flickr8k/Flicker8k_Dataset,norm_mention
2222559267_6fd31e3941.jpg#0,a white man and a little girl walking down the street .,2222559267_6fd31e3941.jpg,flickr8k/Flicker8k_Dataset,norm_mention
2249141510_f534708374.jpg#0,a white boy in red is jumping in a playground sand pit .,2249141510_f534708374.jpg,flickr8k/Flicker8k_Dataset,norm_mention
2271468944_3264d29208.jpg#0,a white boy at the beach dumps a bucket of water on another  's head .,2271468944_3264d29208.jpg,flickr8k/Flicker8k_Dataset,norm_mention
2272823323_3b7291cd47.jpg#0,a white man wearing an orange coat speaks to another as they walk in the snow .,2272823323_3b7291cd47.jpg,flickr8k/Flicker8k_Dataset,norm_mention
2282260240_55387258de.jpg#0,a little white girl dances in a room with balloons on the floor .,2282260240_55387258de.jpg,flickr8k/Flicker8k_Dataset,norm_mention
2294688426_96c8614f1d.jpg#0,a white man dressed in a black poncho stands in the middle of a parking lot .,2294688426_96c8614f1d.jpg,flickr8k/Flicker8k_Dataset,norm_mention
2303356248_65dd6aba6f.jpg#0,white kids wearing jackets and hats swinging on tire swing in snow,2303356248_65dd6aba6f.jpg,flickr8k/Flicker8k_Dataset,norm_mention
2315867011_fc5fc9fa6d.jpg#0,the two white girls are playing on a yellow sit and bounce .,2315867011_fc5fc9fa6d.jpg,flickr8k/Flicker8k_Dataset,norm_mention
2339140905_9f625f140a.jpg#0,a white woman in a yellow jacket skis in the snow .,2339140905_9f625f140a.jpg,flickr8k/Flicker8k_Dataset,norm_mention
2354829523_9542fc74ba.jpg#0,"a group of white women in matching uniforms , one of which is speaking .",2354829523_9542fc74ba.jpg,flickr8k/Flicker8k_Dataset,norm_mention
236476706_175081ce18.jpg#0,many white people are walking around outside .,236476706_175081ce18.jpg,flickr8k/Flicker8k_Dataset,norm_mention
2370221025_be4d9a4431.jpg#0,a white man wearing a green jacket is holding onto a baby in an orange bonnet .,2370221025_be4d9a4431.jpg,flickr8k/Flicker8k_Dataset,norm_mention
2393264648_a280744f97.jpg#0,a white child on the beach while a woman takes pictures nearby .,2393264648_a280744f97.jpg,flickr8k/Flicker8k_Dataset,norm_mention
2402793046_3385554e81.jpg#0,a white boy climbs a rigging on a boat .,2402793046_3385554e81.jpg,flickr8k/Flicker8k_Dataset,norm_mention
241374292_11e3198daa.jpg#0,a crowd of white people standing in front of statues .,241374292_11e3198daa.jpg,flickr8k/Flicker8k_Dataset,norm_mention
2418191216_82711d5c5c.jpg#0,an older white woman in hiking clothing and a summer hat smiles .,2418191216_82711d5c5c.jpg,flickr8k/Flicker8k_Dataset,norm_mention
2420730259_86e7f8a815.jpg#0,a white man holding and kissing a crying little boy on the cheek .,2420730259_86e7f8a815.jpg,flickr8k/Flicker8k_Dataset,norm_mention
2424111022_4e332b8aee.jpg#0,a white boy in the woods .,2424111022_4e332b8aee.jpg,flickr8k/Flicker8k_Dataset,norm_mention
2439031566_2e0c0d3550.jpg#2,a white man and wo sitting on a motorcycle .,2439031566_2e0c0d3550.jpg,flickr8k/Flicker8k_Dataset,norm_mention
2448210587_9fe7ea5f42.jpg#0,an elderly white woman sits on a tree stump with a white dog .,2448210587_9fe7ea5f42.jpg,flickr8k/Flicker8k_Dataset,norm_mention
244910177_7c4ec3f65b.jpg#0,three white woman walk down a city street and one has a pink purse .,244910177_7c4ec3f65b.jpg,flickr8k/Flicker8k_Dataset,norm_mention
245442617_407eba1e98.jpg#0,a white girl in black tank top catches a fish .,245442617_407eba1e98.jpg,flickr8k/Flicker8k_Dataset,norm_mention
2458033289_f0616879df.jpg#0,a white man in a hat standing in front of a tire shop .,2458033289_f0616879df.jpg,flickr8k/Flicker8k_Dataset,norm_mention
2475162978_2c51048dca.jpg#0,a white woman carrying a white ball is running behind a small boy .,2475162978_2c51048dca.jpg,flickr8k/Flicker8k_Dataset,norm_mention
2485467050_1d5e2696d4.jpg#0,a group of four white children dancing in a backyard .,2485467050_1d5e2696d4.jpg,flickr8k/Flicker8k_Dataset,norm_mention
2498897831_0bbb5d5b51.jpg#0,three white children are pulling faces on a purple bench .,2498897831_0bbb5d5b51.jpg,flickr8k/Flicker8k_Dataset,norm_mention
2531531628_b4a5041680.jpg#0,a white girl sticks out her tongue on a bench .,2531531628_b4a5041680.jpg,flickr8k/Flicker8k_Dataset,norm_mention
2538477523_1da77eb11c.jpg#0,a white girl in a dress runs followed by a man in jeans .,2538477523_1da77eb11c.jpg,flickr8k/Flicker8k_Dataset,norm_mention
2549968784_39bfbe44f9.jpg#0,a white child wearing swim goggles .,2549968784_39bfbe44f9.jpg,flickr8k/Flicker8k_Dataset,norm_mention
2552723989_7bc93e0f7b.jpg#0,a white boy falls off his red bike .,2552723989_7bc93e0f7b.jpg,flickr8k/Flicker8k_Dataset,norm_mention
2562166462_b43b141d40.jpg#0,a white man in a hooded jacket sits alone on a park bench .,2562166462_b43b141d40.jpg,flickr8k/Flicker8k_Dataset,norm_mention
2562377955_8d670ccec6.jpg#0,a white boy in an orange jersey is about to pitch a baseball .,2562377955_8d670ccec6.jpg,flickr8k/Flicker8k_Dataset,norm_mention
2593406865_ab98490c1f.jpg#1,a teenage white boy is performing a trick with his skateboard .,2593406865_ab98490c1f.jpg,flickr8k/Flicker8k_Dataset,norm_mention
2597958208_e03aa149c9.jpg#0,a little white boy and a little girl playing together outside .,2597958208_e03aa149c9.jpg,flickr8k/Flicker8k_Dataset,norm_mention
2602415701_7674eb19e4.jpg#0,a group of white kids jumping into a swimming pool .,2602415701_7674eb19e4.jpg,flickr8k/Flicker8k_Dataset,norm_mention
2609900643_c07bcb0bae.jpg#0,a white girl rides a swing while another  watches .,2609900643_c07bcb0bae.jpg,flickr8k/Flicker8k_Dataset,norm_mention
2615811117_42b1838205.jpg#3,a young white kid wearing a life jacket,2615811117_42b1838205.jpg,flickr8k/Flicker8k_Dataset,norm_mention
263216826_acf868049c.jpg#2,a white man and a wo in an orange shirt are sitting on a rock and looking at the view of the trees and the hills .,263216826_acf868049c.jpg,flickr8k/Flicker8k_Dataset,norm_mention
2633722629_5eeb649c09.jpg#0,a white child flips on a trampoline .,2633722629_5eeb649c09.jpg,flickr8k/Flicker8k_Dataset,norm_mention
2642350864_099c0f2152.jpg#0,a white girl smiles while riding on the back of a cart in a grocery store .,2642350864_099c0f2152.jpg,flickr8k/Flicker8k_Dataset,norm_mention
2642688531_8fb68b2147.jpg#1,a young white boy plays in a yellow tunnel on a playground .,2642688531_8fb68b2147.jpg,flickr8k/Flicker8k_Dataset,norm_mention
2647049174_0fb47cee2e.jpg#0,a white child puts dirt into his mouth .,2647049174_0fb47cee2e.jpg,flickr8k/Flicker8k_Dataset,norm_mention
2659606300_bea3feaf8b.jpg#0,a baby white girl wearing a pink jacket climbs wooden steps .,2659606300_bea3feaf8b.jpg,flickr8k/Flicker8k_Dataset,norm_mention
2675190069_d5c3b2c876.jpg#0,a white man and wo relaxing in shallow water near a waterfall .,2675190069_d5c3b2c876.jpg,flickr8k/Flicker8k_Dataset,norm_mention
2676015068_690b0fb2cd.jpg#0,a white man in sunglasses sits on rocks .,2676015068_690b0fb2cd.jpg,flickr8k/Flicker8k_Dataset,norm_mention
2696951725_e0ae54f6da.jpg#0,"a white man and wo , on a park trail , pose in front of a lake and distant mountain .",2696951725_e0ae54f6da.jpg,flickr8k/Flicker8k_Dataset,norm_mention
2707873672_15e6b5d54b.jpg#0,two white boys wearing brown shirts tug at a rope on a wooden platform .,2707873672_15e6b5d54b.jpg,flickr8k/Flicker8k_Dataset,norm_mention
2710280476_dcccb8745a.jpg#0,a black and white dog leaping through the air as two white people watch in the background .,2710280476_dcccb8745a.jpg,flickr8k/Flicker8k_Dataset,norm_mention
2737759676_4bc9be2daf.jpg#0,a white man in sunglasses and a hat is seen among a crowd .,2737759676_4bc9be2daf.jpg,flickr8k/Flicker8k_Dataset,norm_mention
2751602672_ca5e1f6447.jpg#0,a bald white man demonstarting how high his brown and black dog can jump .,2751602672_ca5e1f6447.jpg,flickr8k/Flicker8k_Dataset,norm_mention
2759211664_d21393b668.jpg#0,a white boy in a red shirt and white shorts is standing in the sand .,2759211664_d21393b668.jpg,flickr8k/Flicker8k_Dataset,norm_mention
2762702644_2aa3bf9680.jpg#0,a white woman wearing a red and black outfit standing in front of a building playing a violin .,2762702644_2aa3bf9680.jpg,flickr8k/Flicker8k_Dataset,norm_mention
2765747519_2b851e01d6.jpg#1,a white child is mostly hidden in a green shopping bag .,2765747519_2b851e01d6.jpg,flickr8k/Flicker8k_Dataset,norm_mention
2769731772_18c44c18e2.jpg#0,a white girl and her child walking next to a mountain .,2769731772_18c44c18e2.jpg,flickr8k/Flicker8k_Dataset,norm_mention
2797149878_bb8e27ecf9.jpg#0,a blond white boy in a dark hoodie is holding a fishing rod .,2797149878_bb8e27ecf9.jpg,flickr8k/Flicker8k_Dataset,norm_mention
2825668136_107223182c.jpg#1,a white guy is doing a trick on a bike .,2825668136_107223182c.jpg,flickr8k/Flicker8k_Dataset,norm_mention
2830869109_c4e403eae6.jpg#0,a white boy and girl playing with buckets in a lawn sprinkler,2830869109_c4e403eae6.jpg,flickr8k/Flicker8k_Dataset,norm_mention
2831215155_07ba8f1805.jpg#0,"an suv is parked in a grassy field with mountains in the background , and a white woman is looking through a telescope off into the distance .",2831215155_07ba8f1805.jpg,flickr8k/Flicker8k_Dataset,norm_mention
2831313661_1a328acb70.jpg#0,a white man gathers kite string on the beach .,2831313661_1a328acb70.jpg,flickr8k/Flicker8k_Dataset,norm_mention
2832033116_1677ea1e2e.jpg#0,a white person in a striped fleece clips a carabiner onto a metal line .,2832033116_1677ea1e2e.jpg,flickr8k/Flicker8k_Dataset,norm_mention
2837640996_0183db8d93.jpg#0,a white man talks on the phone with his feet up .,2837640996_0183db8d93.jpg,flickr8k/Flicker8k_Dataset,norm_mention
2841449931_84a05850ec.jpg#0,a white man in a pink shirt and sunglasses is sitting in the sun .,2841449931_84a05850ec.jpg,flickr8k/Flicker8k_Dataset,norm_mention
2847859796_4d9cb0d31f.jpg#0,a white child in colorful goggles plays in a pool .,2847859796_4d9cb0d31f.jpg,flickr8k/Flicker8k_Dataset,norm_mention
2851304910_b5721199bc.jpg#1,a white woman in a red jacket is videotaping a natural landscape .,2851304910_b5721199bc.jpg,flickr8k/Flicker8k_Dataset,norm_mention
2866686547_0a67eb899d.jpg#0,two white girls are playing soccer with orange and white uniforms .,2866686547_0a67eb899d.jpg,flickr8k/Flicker8k_Dataset,norm_mention
2884252132_5d8e776893.jpg#0,a white girl swinging,2884252132_5d8e776893.jpg,flickr8k/Flicker8k_Dataset,norm_mention
2899374885_f3b2b1a290.jpg#3,a small white boy is playing at a water fountain,2899374885_f3b2b1a290.jpg,flickr8k/Flicker8k_Dataset,norm_mention
2913972180_547783dd3d.jpg#0,a dog and a white man wade into the lake .,2913972180_547783dd3d.jpg,flickr8k/Flicker8k_Dataset,norm_mention
2921670682_6a77a6c3e9.jpg#0,a white man on a bicycle in the city .,2921670682_6a77a6c3e9.jpg,flickr8k/Flicker8k_Dataset,norm_mention
2934379210_4e399e3cac.jpg#0,a white boy in a red shirt and jean shorts jumping off a swing .,2934379210_4e399e3cac.jpg,flickr8k/Flicker8k_Dataset,norm_mention
2934801096_230ae78d7e.jpg#0,"a white man and a boy standing in front of a sign that says "" hell "" .",2934801096_230ae78d7e.jpg,flickr8k/Flicker8k_Dataset,norm_mention
2940594396_20c40947b0.jpg#1,a white man riding on a three-wheeled wheelchair .,2940594396_20c40947b0.jpg,flickr8k/Flicker8k_Dataset,norm_mention
2947274789_a1a35b33c3.jpg#0,a white man in a green shirt and cap puts his hands on a table as he stands next to  wearing headphones around his neck .,2947274789_a1a35b33c3.jpg,flickr8k/Flicker8k_Dataset,norm_mention
2949014128_0d96196261.jpg#0,a white boy holding a ball falls down in front of another  who has his arms reaching out while an older man in a green shirt smiles and watches .,2949014128_0d96196261.jpg,flickr8k/Flicker8k_Dataset,norm_mention
2963573792_dd51b5fbfb.jpg#0,a little white girl slides down a green slide with her arms up at a playground .,2963573792_dd51b5fbfb.jpg,flickr8k/Flicker8k_Dataset,norm_mention
2978394277_4572967b97.jpg#0,a white boy wearing orange jumps from haystacks .,2978394277_4572967b97.jpg,flickr8k/Flicker8k_Dataset,norm_mention
2984704498_29b53df5df.jpg#0,"a middle aged white woman in stylish clothes , holding a camera .",2984704498_29b53df5df.jpg,flickr8k/Flicker8k_Dataset,norm_mention
2991994415_504d1c0a03.jpg#0,a white girl dressed in a red dress and another  dressed as a pirate are playing around .,2991994415_504d1c0a03.jpg,flickr8k/Flicker8k_Dataset,norm_mention
2998277360_9b4c0192f1.jpg#0,"a white man in a yellow slicker holds a sign saying "" down and out "" .",2998277360_9b4c0192f1.jpg,flickr8k/Flicker8k_Dataset,norm_mention
3003011417_79b49ff384.jpg#0,a group of white children are sitting on a raft wearing blue helmets and carrying paddles .,3003011417_79b49ff384.jpg,flickr8k/Flicker8k_Dataset,norm_mention
3015863181_92ff43f4d8.jpg#0,a white man in a flower patterned shirt is bowling .,3015863181_92ff43f4d8.jpg,flickr8k/Flicker8k_Dataset,norm_mention
3019917636_4e0bb0acc4.jpg#0,a white woman in a race turning a corner .,3019917636_4e0bb0acc4.jpg,flickr8k/Flicker8k_Dataset,norm_mention
3028404926_2bd27e3e83.jpg#0,a white boy turns a handcrank in a courtyard .,3028404926_2bd27e3e83.jpg,flickr8k/Flicker8k_Dataset,norm_mention
3033668641_5905f73990.jpg#0,a white man in a white helmet clings to a sheer rock face,3033668641_5905f73990.jpg,flickr8k/Flicker8k_Dataset,norm_mention
3041170372_c4376cd497.jpg#1,a white man jumping a dirt ramp on a bmx bike .,3041170372_c4376cd497.jpg,flickr8k/Flicker8k_Dataset,norm_mention
3043266735_904dda6ded.jpg#0,an elderly white person with a white hat is reading a paperback book .,3043266735_904dda6ded.jpg,flickr8k/Flicker8k_Dataset,norm_mention
3047144646_2252ff8e04.jpg#0,a group of white people display ribbons won by their dogs .,3047144646_2252ff8e04.jpg,flickr8k/Flicker8k_Dataset,norm_mention
3053813297_7ce5f87710.jpg#1,an elderly white man and wo are sitting on lawn chairs holding onto the leash of a brown dog .,3053813297_7ce5f87710.jpg,flickr8k/Flicker8k_Dataset,norm_mention
3072172967_630e9c69d0.jpg#2,"four white men playing basketball , two from each team .",3072172967_630e9c69d0.jpg,flickr8k/Flicker8k_Dataset,norm_mention
3077166963_fe172c709d.jpg#0,a white girl is standing on logs and taking a picture .,3077166963_fe172c709d.jpg,flickr8k/Flicker8k_Dataset,norm_mention
3080891382_edf83dde18.jpg#0,a white child covers their mouth as they whisper to a friend .,3080891382_edf83dde18.jpg,flickr8k/Flicker8k_Dataset,norm_mention
3091580843_178042c50b.jpg#0,a white man in a black jacket walks thorugh an asian market .,3091580843_178042c50b.jpg,flickr8k/Flicker8k_Dataset,norm_mention
3100251515_c68027cc22.jpg#0,a crowd of white people wearing jackets and holding signs .,3100251515_c68027cc22.jpg,flickr8k/Flicker8k_Dataset,norm_mention
3103340819_46de7954a9.jpg#1,two white people wearing hoodies huddle on a doorstep in the rain .,3103340819_46de7954a9.jpg,flickr8k/Flicker8k_Dataset,norm_mention
3105623068_392b767a7b.jpg#0,a white girl in white is rock climbing .,3105623068_392b767a7b.jpg,flickr8k/Flicker8k_Dataset,norm_mention
3105929913_94a6882e25.jpg#0,four bald white people are praying or meditating .,3105929913_94a6882e25.jpg,flickr8k/Flicker8k_Dataset,norm_mention
3106791484_13e18c33d8.jpg#0,a blond white child is jumping facefirst onto a bed .,3106791484_13e18c33d8.jpg,flickr8k/Flicker8k_Dataset,norm_mention
3107558821_f3b205d4ed.jpg#0,two white girls take in the view .,3107558821_f3b205d4ed.jpg,flickr8k/Flicker8k_Dataset,norm_mention
3116379964_86986750af.jpg#0,a dog and two white people .,3116379964_86986750af.jpg,flickr8k/Flicker8k_Dataset,norm_mention
3132006797_04822b5866.jpg#0,the two white children and the baby with the pink shirt are surrounded by toys .,3132006797_04822b5866.jpg,flickr8k/Flicker8k_Dataset,norm_mention
3144705706_391d7b77c7.jpg#0,a white child playing in a pile of snow on a street while  adult watches .,3144705706_391d7b77c7.jpg,flickr8k/Flicker8k_Dataset,norm_mention
3162289423_4ca8915d0c.jpg#1,a white girl wearing a green jumpsuit and goggles with a beautiful sunset in the background,3162289423_4ca8915d0c.jpg,flickr8k/Flicker8k_Dataset,norm_mention
3170110692_d1e0e66cee.jpg#1,a white man and a wo are dressed as groucho marx with fake cigars .,3170110692_d1e0e66cee.jpg,flickr8k/Flicker8k_Dataset,norm_mention
3182161610_4d349b257f.jpg#4,two young white children are playing with toys .,3182161610_4d349b257f.jpg,flickr8k/Flicker8k_Dataset,norm_mention
3185371756_ff4e9fa8a6.jpg#0,a white girl in a purple sweatshirt bends over backwards .,3185371756_ff4e9fa8a6.jpg,flickr8k/Flicker8k_Dataset,norm_mention
3188044631_ca3a9cc737.jpg#0,a white man and a wo in a apron stand near a fireplace and christmas tree .,3188044631_ca3a9cc737.jpg,flickr8k/Flicker8k_Dataset,norm_mention
3191027142_33e86636ca.jpg#0,"a white man holding up a sign , surrounded by a lot of people .",3191027142_33e86636ca.jpg,flickr8k/Flicker8k_Dataset,norm_mention
3192069971_83c5a90b4c.jpg#0,a white boy wearing a blue helmet rides a bike with his feet on the handlebars .,3192069971_83c5a90b4c.jpg,flickr8k/Flicker8k_Dataset,norm_mention
3198237818_cb5eb302f0.jpg#1,a white man and wo in black and white swimsuits and sunglasses are next to the ocean .,3198237818_cb5eb302f0.jpg,flickr8k/Flicker8k_Dataset,norm_mention
3205336477_037d4b6bd9.jpg#0,two white men are wrestling in a competition .,3205336477_037d4b6bd9.jpg,flickr8k/Flicker8k_Dataset,norm_mention
3212085754_35fdc9ccaa.jpg#2,a white lady holds a bride 's shoe in her hand .,3212085754_35fdc9ccaa.jpg,flickr8k/Flicker8k_Dataset,norm_mention
3225880532_c8d5d1d798.jpg#0,a white man in a red coat and hat talks to another  in red .,3225880532_c8d5d1d798.jpg,flickr8k/Flicker8k_Dataset,norm_mention
3255732353_fbc487aefc.jpg#0,a white child in pink throwing a snowball at a  in blue .,3255732353_fbc487aefc.jpg,flickr8k/Flicker8k_Dataset,norm_mention
3256603992_67312b5a36.jpg#0,a white man hiking in the wilderness giving the camera a thumbs up .,3256603992_67312b5a36.jpg,flickr8k/Flicker8k_Dataset,norm_mention
3257103624_e76f25ff9e.jpg#0,a white man in dark gear and a  in light gear wade through deep water .,3257103624_e76f25ff9e.jpg,flickr8k/Flicker8k_Dataset,norm_mention
3259222690_69737f2a6e.jpg#0,a white man in a beige shirt is operating a video camera next to a girl in a black sweater .,3259222690_69737f2a6e.jpg,flickr8k/Flicker8k_Dataset,norm_mention
3260214530_7179346407.jpg#0,a white woman and child sitting on a bench beside a wooden bear carving .,3260214530_7179346407.jpg,flickr8k/Flicker8k_Dataset,norm_mention
3261493263_381a4c5cc7.jpg#3,dogs are pulling a white person on a sled in the snow .,3261493263_381a4c5cc7.jpg,flickr8k/Flicker8k_Dataset,norm_mention
3269380710_9161b0bd00.jpg#0,a white man in a blue shirt smoking a cigarette .,3269380710_9161b0bd00.jpg,flickr8k/Flicker8k_Dataset,norm_mention
3270083123_fcc1208053.jpg#3,white person in goggles and black swim cap swimming,3270083123_fcc1208053.jpg,flickr8k/Flicker8k_Dataset,norm_mention
3283897411_af9d0b497d.jpg#0,a white child in pink holds an object that appears to be on fire .,3283897411_af9d0b497d.jpg,flickr8k/Flicker8k_Dataset,norm_mention
3285298241_9b1ed98d19.jpg#2,a white man in blue uniform about to throw a basketball .,3285298241_9b1ed98d19.jpg,flickr8k/Flicker8k_Dataset,norm_mention
3287904625_f68ca5cea7.jpg#1,a white man and wo embrace near a river in winter .,3287904625_f68ca5cea7.jpg,flickr8k/Flicker8k_Dataset,norm_mention
328916930_e4d4be1730.jpg#0,a white girl is comforting a small child who fell on the ice while skating,328916930_e4d4be1730.jpg,flickr8k/Flicker8k_Dataset,norm_mention
3293753378_7a8ddb98b2.jpg#0,a fashionably dressed white woman holding a record in a frame at a used bookstore .,3293753378_7a8ddb98b2.jpg,flickr8k/Flicker8k_Dataset,norm_mention
3326588088_172d1b2584.jpg#2,two white men in white suits play the guitar on a stage .,3326588088_172d1b2584.jpg,flickr8k/Flicker8k_Dataset,norm_mention
3332467180_d72f9b067d.jpg#0,a white man in a white restaraunt shirt smokes next to a dumpster .,3332467180_d72f9b067d.jpg,flickr8k/Flicker8k_Dataset,norm_mention
3342855466_44038a8aa3.jpg#2,a white boy on a bike does a stunt on a ramp filled with graffiti .,3342855466_44038a8aa3.jpg,flickr8k/Flicker8k_Dataset,norm_mention
3343311201_eeb1a39def.jpg#1,a white woman standing on a lawn painting a picture .,3343311201_eeb1a39def.jpg,flickr8k/Flicker8k_Dataset,norm_mention
3350671534_2a5d45a961.jpg#0,a white man in a grey winter hat and purple sweatshirt skateboarding .,3350671534_2a5d45a961.jpg,flickr8k/Flicker8k_Dataset,norm_mention
3358558292_6ab14193ed.jpg#0,a group of 5 white people making different expressions .,3358558292_6ab14193ed.jpg,flickr8k/Flicker8k_Dataset,norm_mention
3360823754_90967276ec.jpg#0,a white boy jumps high on his skateboard .,3360823754_90967276ec.jpg,flickr8k/Flicker8k_Dataset,norm_mention
3361882891_6e610ffdbb.jpg#2,a white man in blue jeans is jumping a bike over hills of dirt .,3361882891_6e610ffdbb.jpg,flickr8k/Flicker8k_Dataset,norm_mention
3369354061_2bab79f91f.jpg#0,a blonde baby white girl in green is walking and holding a box .,3369354061_2bab79f91f.jpg,flickr8k/Flicker8k_Dataset,norm_mention
3382303178_69b6d1bdd2.jpg#0,a white boy is riding a skateboard down a slope that leads from a bridge to the street below .,3382303178_69b6d1bdd2.jpg,flickr8k/Flicker8k_Dataset,norm_mention
3399616238_77acf4ee12.jpg#0,a white man wearing a bow tie and glasses poses for a photo .,3399616238_77acf4ee12.jpg,flickr8k/Flicker8k_Dataset,norm_mention
3400385314_a5bc062e97.jpg#1,a smiling white woman in a brown shirt leans on a man in a sweater .,3400385314_a5bc062e97.jpg,flickr8k/Flicker8k_Dataset,norm_mention
3416013671_98b5c75046.jpg#1,a white man with a beard in the foreground playing bagpipes,3416013671_98b5c75046.jpg,flickr8k/Flicker8k_Dataset,norm_mention
3420284416_a90af1fb7a.jpg#1,a white man in a black top and white cap is stretching backwards in a sports stadium .,3420284416_a90af1fb7a.jpg,flickr8k/Flicker8k_Dataset,norm_mention
3421706363_a3e22a4908.jpg#0,a white boy in dark pants and green t-shirt rides his bike up a ramp .,3421706363_a3e22a4908.jpg,flickr8k/Flicker8k_Dataset,norm_mention
3425061393_d093edb8da.jpg#0,a white man gets ready to hit the tennis ball .,3425061393_d093edb8da.jpg,flickr8k/Flicker8k_Dataset,norm_mention
3425127583_611200619a.jpg#1,a white man has a racquet in his hand and is playing a game of tennis .,3425127583_611200619a.jpg,flickr8k/Flicker8k_Dataset,norm_mention
3453284877_8866189055.jpg#0,a white guy is grinding a rail over a tree on his snowboard .,3453284877_8866189055.jpg,flickr8k/Flicker8k_Dataset,norm_mention
3455405300_aa3069ecaa.jpg#1,a group of white women all dressed in red with yellow flower pins .,3455405300_aa3069ecaa.jpg,flickr8k/Flicker8k_Dataset,norm_mention
3457572788_e1fe4f6480.jpg#1,a white guy skiing down the snowy slope .,3457572788_e1fe4f6480.jpg,flickr8k/Flicker8k_Dataset,norm_mention
3463268965_f22884fc69.jpg#0,a white man in camo pants and a blue and white shirt running on a concrete surface with other men dressed the same running behind him .,3463268965_f22884fc69.jpg,flickr8k/Flicker8k_Dataset,norm_mention
3468275336_61936db92d.jpg#0,a bride is throwing her bouquet to several white women standing behind her .,3468275336_61936db92d.jpg,flickr8k/Flicker8k_Dataset,norm_mention
3469585782_e708496552.jpg#0,a crowd of white people is facing the same direction while some hold their hands in the air .,3469585782_e708496552.jpg,flickr8k/Flicker8k_Dataset,norm_mention
3473320907_3884a7203b.jpg#0,a group of white men play field hockey .,3473320907_3884a7203b.jpg,flickr8k/Flicker8k_Dataset,norm_mention
3475005101_6f6e437459.jpg#1,a white boy is sliding towards a base while the baseman is waiting for the ball in a baseball game .,3475005101_6f6e437459.jpg,flickr8k/Flicker8k_Dataset,norm_mention
3477715432_79d82487bb.jpg#0,one white girl wearing pajamas stands near to a  who is holding a flyer .,3477715432_79d82487bb.jpg,flickr8k/Flicker8k_Dataset,norm_mention
3479050296_65bcea69a0.jpg#0,"three white kids laugh , a girl in the middle with a red jacket and red tie , a boy on either side .",3479050296_65bcea69a0.jpg,flickr8k/Flicker8k_Dataset,norm_mention
3488837187_0c7264a16c.jpg#0,"a baby white boy picks at his hair , while holding a red and yellow ball .",3488837187_0c7264a16c.jpg,flickr8k/Flicker8k_Dataset,norm_mention
3489774350_a94e6c7bfc.jpg#0,a white child eating food and smiling at the camera .,3489774350_a94e6c7bfc.jpg,flickr8k/Flicker8k_Dataset,norm_mention
3491607076_922ec561d9.jpg#0,a white man holds a trophy on the stage .,3491607076_922ec561d9.jpg,flickr8k/Flicker8k_Dataset,norm_mention
3494723363_eaa6bc563b.jpg#0,a white man in a black wetsuit is surfing in the ocean .,3494723363_eaa6bc563b.jpg,flickr8k/Flicker8k_Dataset,norm_mention
3500505549_d848209837.jpg#0,a white person is rollerblading on a railing by a sidewalk with people .,3500505549_d848209837.jpg,flickr8k/Flicker8k_Dataset,norm_mention
3502343542_f9b46688e5.jpg#0,a white woman wearing a white helmeted looking up as she is calming a huge rock wall,3502343542_f9b46688e5.jpg,flickr8k/Flicker8k_Dataset,norm_mention
3503624011_733d745d5a.jpg#0,a white girl with a star painted on her face smiles .,3503624011_733d745d5a.jpg,flickr8k/Flicker8k_Dataset,norm_mention
3517040752_debec03376.jpg#1,a white person leans forward to catch a baseball while a runner comes close to the base .,3517040752_debec03376.jpg,flickr8k/Flicker8k_Dataset,norm_mention
3523874798_9ba2fa46e3.jpg#0,a white boy in a white shirt and green helmet is riding a skateboard down some steps .,3523874798_9ba2fa46e3.jpg,flickr8k/Flicker8k_Dataset,norm_mention
3527715826_ea5b4e8de4.jpg#0,"a white girl , in a black shirt and hot pink pants , is about to hit a tennis ball on the court .",3527715826_ea5b4e8de4.jpg,flickr8k/Flicker8k_Dataset,norm_mention
3533922605_a2b1e276f6.jpg#0,two white girls are sitting on a wooden floor in front of a large window .,3533922605_a2b1e276f6.jpg,flickr8k/Flicker8k_Dataset,norm_mention
3534512991_f9fd66f165.jpg#0,a white man and a wo are posing for a photograph in front of a yellow flower-bed .,3534512991_f9fd66f165.jpg,flickr8k/Flicker8k_Dataset,norm_mention
3537474810_cf676b3259.jpg#0,a white man in a blue uniform kicking the soccer ball down the field,3537474810_cf676b3259.jpg,flickr8k/Flicker8k_Dataset,norm_mention
3538213870_9856a76b2a.jpg#0,a white girl twirls in a pink dress .,3538213870_9856a76b2a.jpg,flickr8k/Flicker8k_Dataset,norm_mention
3560891822_7d4c1e3580.jpg#0,a white person skateboarding down a ramp at night .,3560891822_7d4c1e3580.jpg,flickr8k/Flicker8k_Dataset,norm_mention
3562302012_0cbcd01ff9.jpg#0,a white boy crawls under a house outside .,3562302012_0cbcd01ff9.jpg,flickr8k/Flicker8k_Dataset,norm_mention
3563461991_de05537878.jpg#0,a bald white man is taking shots of a body of water from a camera .,3563461991_de05537878.jpg,flickr8k/Flicker8k_Dataset,norm_mention
3564007203_df2b8010f1.jpg#0,a white man is talking to a mounted police outside a stadium .,3564007203_df2b8010f1.jpg,flickr8k/Flicker8k_Dataset,norm_mention
3564436847_57825db87d.jpg#0,a white boy in a red shirt riding a skateboard on the street,3564436847_57825db87d.jpg,flickr8k/Flicker8k_Dataset,norm_mention
3576536763_3c8c4f232e.jpg#0,a white girl dressed in a pink sweatshirt and pink and white striped skirt plays in the waves at the beach .,3576536763_3c8c4f232e.jpg,flickr8k/Flicker8k_Dataset,norm_mention
3582048078_7bac2d8473.jpg#0,a white boy coming out of the pool .,3582048078_7bac2d8473.jpg,flickr8k/Flicker8k_Dataset,norm_mention
3587781729_bd21ce7b11.jpg#0,this picture shows a blond-haired white boy and brown-haired  smiling while swinging on a tire swing .,3587781729_bd21ce7b11.jpg,flickr8k/Flicker8k_Dataset,norm_mention
3591462960_86045906bd.jpg#0,a white man is roping a bull in a rodeo while others in cowboy hats watch .,3591462960_86045906bd.jpg,flickr8k/Flicker8k_Dataset,norm_mention
3597210806_95b07bb968.jpg#0,a white boy dunks a basketball .,3597210806_95b07bb968.jpg,flickr8k/Flicker8k_Dataset,norm_mention
3609645320_815c294b65.jpg#2,a group of white people are sitting on the steps outside .,3609645320_815c294b65.jpg,flickr8k/Flicker8k_Dataset,norm_mention
3612249030_e2829ffa31.jpg#0,a white boy carries a boogieboard on the beach .,3612249030_e2829ffa31.jpg,flickr8k/Flicker8k_Dataset,norm_mention
3612538549_2828b45867.jpg#0,a white boy looks startled as he falls in the sand .,3612538549_2828b45867.jpg,flickr8k/Flicker8k_Dataset,norm_mention
3614542901_29877fc342.jpg#0,a group of white women are standing in front of a building .,3614542901_29877fc342.jpg,flickr8k/Flicker8k_Dataset,norm_mention
3618525295_d32d634b2e.jpg#0,a dog sits with a white woman in an outdoor cafe .,3618525295_d32d634b2e.jpg,flickr8k/Flicker8k_Dataset,norm_mention
3638688673_176f99d7fd.jpg#0,a white boy in a swing .,3638688673_176f99d7fd.jpg,flickr8k/Flicker8k_Dataset,norm_mention
3638908276_b1751d30ff.jpg#0,a white girl in a pink tank top is sliding on a ledge on a skateboard .,3638908276_b1751d30ff.jpg,flickr8k/Flicker8k_Dataset,norm_mention
3639967449_137f48b43d.jpg#0,two white boys are sitting in front of a structure eating popsicles .,3639967449_137f48b43d.jpg,flickr8k/Flicker8k_Dataset,norm_mention
3649307685_60c1294d2a.jpg#1,two white men are playing in a sports game together .,3649307685_60c1294d2a.jpg,flickr8k/Flicker8k_Dataset,norm_mention
3652859271_908ae0ae89.jpg#0,a white person wearing a red jacket holds a beer while a man in a white shirt follows .,3652859271_908ae0ae89.jpg,flickr8k/Flicker8k_Dataset,norm_mention
3659686168_49c3abcee1.jpg#0,a white woman in green pants sits next to a  in a pink jacket in front of statue of a fish .,3659686168_49c3abcee1.jpg,flickr8k/Flicker8k_Dataset,norm_mention
3669069522_555c97fbfb.jpg#0,one white woman and two men on a bench .,3669069522_555c97fbfb.jpg,flickr8k/Flicker8k_Dataset,norm_mention
3674168459_6245f4f658.jpg#4,two white women participate in a martial arts match .,3674168459_6245f4f658.jpg,flickr8k/Flicker8k_Dataset,norm_mention
3705976184_53ae07e898.jpg#0,a white lady and her large brown and black dog out for a run in a grassy place,3705976184_53ae07e898.jpg,flickr8k/Flicker8k_Dataset,norm_mention
3712923460_1b20ebb131.jpg#0,a bunch of white people in camo pants run .,3712923460_1b20ebb131.jpg,flickr8k/Flicker8k_Dataset,norm_mention
3718892835_a3e74a3417.jpg#0,a white boy falls off of his scooter during an obstacle course .,3718892835_a3e74a3417.jpg,flickr8k/Flicker8k_Dataset,norm_mention
3760400645_3ba51d27f9.jpg#0,a white girl at a wedding holding some orange flowers,3760400645_3ba51d27f9.jpg,flickr8k/Flicker8k_Dataset,norm_mention
390986651_c801db91a0.jpg#0,a white person peaks their head out of a tent set up in a snowy field .,390986651_c801db91a0.jpg,flickr8k/Flicker8k_Dataset,norm_mention
410413536_11f1127c46.jpg#0,a white man kneels on a dock while a dog jumps in the water next to him .,410413536_11f1127c46.jpg,flickr8k/Flicker8k_Dataset,norm_mention
416960865_048fd3f294.jpg#1,a white person in a red jacket and a red hardhat stands near a mountain .,416960865_048fd3f294.jpg,flickr8k/Flicker8k_Dataset,norm_mention
427082246_5bf1c3676f.jpg#0,a white man in a yellow shirt training a black poodle,427082246_5bf1c3676f.jpg,flickr8k/Flicker8k_Dataset,norm_mention
428485639_a82635d6ee.jpg#0,a white girl straddles a bike rack on a city street .,428485639_a82635d6ee.jpg,flickr8k/Flicker8k_Dataset,norm_mention
436015762_8d0bae90c3.jpg#0,a white man prepares to enter the red building .,436015762_8d0bae90c3.jpg,flickr8k/Flicker8k_Dataset,norm_mention
451081733_40218cec31.jpg#0,a white man on the beach in jeans looking at his camera .,451081733_40218cec31.jpg,flickr8k/Flicker8k_Dataset,norm_mention
452419961_6d42ab7000.jpg#0,the three white children are in a cage .,452419961_6d42ab7000.jpg,flickr8k/Flicker8k_Dataset,norm_mention
489865145_65ea6d1c14.jpg#0,a teenage white girl with a shaved head walks in a brown skirt and blue jean jacket .,489865145_65ea6d1c14.jpg,flickr8k/Flicker8k_Dataset,norm_mention
502671104_b2114246c7.jpg#0,a white girl wearing red submerges from the water .,502671104_b2114246c7.jpg,flickr8k/Flicker8k_Dataset,norm_mention
506808265_fe84ada926.jpg#0,a white lady with red hair is standing in front of a mixing table with another person behind her holding up their hands .,506808265_fe84ada926.jpg,flickr8k/Flicker8k_Dataset,norm_mention
519167484_ee03e2a91e.jpg#0,a white girl in a pink dress plays with a hula hoop .,519167484_ee03e2a91e.jpg,flickr8k/Flicker8k_Dataset,norm_mention
521658170_a837af87e9.jpg#0,a white man holds a stick while three dogs watch and jump .,521658170_a837af87e9.jpg,flickr8k/Flicker8k_Dataset,norm_mention
523985664_c866af4850.jpg#0,"a white girl in a bikini wears a sign saying "" free hugs "" .",523985664_c866af4850.jpg,flickr8k/Flicker8k_Dataset,norm_mention
528500099_7be78a0ca5.jpg#0,a smiling white woman is wearing sunglasses on a day with sparse clouds .,528500099_7be78a0ca5.jpg,flickr8k/Flicker8k_Dataset,norm_mention
529101401_ab1f6b1206.jpg#0,a white boy jump kicks off a dock into a lake .,529101401_ab1f6b1206.jpg,flickr8k/Flicker8k_Dataset,norm_mention
534875358_6ea30d3091.jpg#0,a blonde white woman wearing a green shirt and blue jeans walks away .,534875358_6ea30d3091.jpg,flickr8k/Flicker8k_Dataset,norm_mention
536828916_b763b82949.jpg#0,a curly redheaded white girl with a large headband in her hair .,536828916_b763b82949.jpg,flickr8k/Flicker8k_Dataset,norm_mention
539493423_9d7d1b77fa.jpg#0,a white man is holding three things on fire in front of a child 's playground .,539493423_9d7d1b77fa.jpg,flickr8k/Flicker8k_Dataset,norm_mention
539744890_85e63f5854.jpg#0,a white man and young boy play on the monkey bars .,539744890_85e63f5854.jpg,flickr8k/Flicker8k_Dataset,norm_mention
539761097_5c6c70425b.jpg#1,a white boy toddler climbs on a big white sleeping dog .,539761097_5c6c70425b.jpg,flickr8k/Flicker8k_Dataset,norm_mention
540721368_12ac732c6c.jpg#0,a white girl blows a whistle .,540721368_12ac732c6c.jpg,flickr8k/Flicker8k_Dataset,norm_mention
541063419_a5f3672d59.jpg#1,a white man is sitting on a rock high up in the mountains .,541063419_a5f3672d59.jpg,flickr8k/Flicker8k_Dataset,norm_mention
541063517_35044c554a.jpg#0,a white man enjoying the view from top of a mountain,541063517_35044c554a.jpg,flickr8k/Flicker8k_Dataset,norm_mention
542269487_5d77b363eb.jpg#0,a white man and a wo in blue jog on the sidewalk while a  stretches on a park bench .,542269487_5d77b363eb.jpg,flickr8k/Flicker8k_Dataset,norm_mention
543007912_23fc735b99.jpg#0,twin white girls in orange shirts and green pants are jumping .,543007912_23fc735b99.jpg,flickr8k/Flicker8k_Dataset,norm_mention
544301311_5e7d69a517.jpg#0,the white women sit outside on the steps reading and drinking .,544301311_5e7d69a517.jpg,flickr8k/Flicker8k_Dataset,norm_mention
556568556_bc5124dc8e.jpg#0,a white boy that is wearing a brown hat and shoes that have red soles is on a swing in a park .,556568556_bc5124dc8e.jpg,flickr8k/Flicker8k_Dataset,norm_mention
597543181_6a85ef4c17.jpg#0,a white boy plays on a green swing .,597543181_6a85ef4c17.jpg,flickr8k/Flicker8k_Dataset,norm_mention
661546153_9d30db6984.jpg#0,a baby is in an activity chair in a white child 's playroom .,661546153_9d30db6984.jpg,flickr8k/Flicker8k_Dataset,norm_mention
743571049_68080e8751.jpg#0,a white boy waves around a sparkler .,743571049_68080e8751.jpg,flickr8k/Flicker8k_Dataset,norm_mention
745966757_6d16dfad8f.jpg#0,a young white girl has on rollerblades and looks ready to give it a try .,745966757_6d16dfad8f.jpg,flickr8k/Flicker8k_Dataset,norm_mention
756004341_1a816df714.jpg#0,"two white children in a yard wearing sunglasses , with a play structure behind them .",756004341_1a816df714.jpg,flickr8k/Flicker8k_Dataset,norm_mention
792362827_5ab5281b99.jpg#0,"a group of young blond white children , one carrying a rifle , poses in front of a house .",792362827_5ab5281b99.jpg,flickr8k/Flicker8k_Dataset,norm_mention
944788251_a0bcd4b960.jpg#0,a white boy and a dog on a dock are watching another dog swim away .,944788251_a0bcd4b960.jpg,flickr8k/Flicker8k_Dataset,norm_mention
95728660_d47de66544.jpg#0,a white guy is riding a bike up the side of a hill .,95728660_d47de66544.jpg,flickr8k/Flicker8k_Dataset,norm_mention
968081289_cdba83ce2e.jpg#0,a white boy jumping off of a dock while his friend watches,968081289_cdba83ce2e.jpg,flickr8k/Flicker8k_Dataset,norm_mention
1434607942_da5432c28c.jpg#4,a white man with carrying hair and a beard with a child on his shoulders .,1434607942_da5432c28c.jpg,flickr8k/Flicker8k_Dataset,norm_mention
1569687608_0e3b3ad044.jpg#4,two young fair girls are smiling a posing together while they ride in a boat wearing floatation vests .,1569687608_0e3b3ad044.jpg,flickr8k/Flicker8k_Dataset,norm_mention
2265100168_175f8218af.jpg#1,a pale boy playing in a pit of blue balls .,2265100168_175f8218af.jpg,flickr8k/Flicker8k_Dataset,norm_mention
2522297487_57edf117f7.jpg#2,a white woman in a green sweater holds a smiling child whilst a smiling boy in a yellow shirt looks on .,2522297487_57edf117f7.jpg,flickr8k/Flicker8k_Dataset,norm_mention
2686432878_0697dbc048.jpg#1,a happy bespectacled young white girl in a brown t-shirt and a backpack,2686432878_0697dbc048.jpg,flickr8k/Flicker8k_Dataset,norm_mention
2900048238_74bd69d87d.jpg#3,a white guy giving a dirty look .,2900048238_74bd69d87d.jpg,flickr8k/Flicker8k_Dataset,norm_mention
3041645937_ff7591d134.jpg#2,a white man in a jacket looks to his left,3041645937_ff7591d134.jpg,flickr8k/Flicker8k_Dataset,norm_mention
3073579130_7c95d16a7f.jpg#3,a white man in a turban .,3073579130_7c95d16a7f.jpg,flickr8k/Flicker8k_Dataset,norm_mention
3222055946_45f7293bb2.jpg#1,"at a women 's basketball game , a white skinned woman dribbles against the chicago defense .",3222055946_45f7293bb2.jpg,flickr8k/Flicker8k_Dataset,norm_mention
3555231025_73fa54fa29.jpg#1,a small white skinned girl in a pink top and jeans stands on a soccer field .,3555231025_73fa54fa29.jpg,flickr8k/Flicker8k_Dataset,norm_mention
3640241166_b1ab7a8e7a.jpg#2,a white woman holding a panasonic video camera in a park .,3640241166_b1ab7a8e7a.jpg,flickr8k/Flicker8k_Dataset,norm_mention
3724759125_2dc0e1f4a3.jpg#4,a young fair skinned boy rides a play horse at a playground .,3724759125_2dc0e1f4a3.jpg,flickr8k/Flicker8k_Dataset,norm_mention
463978865_c87c6ca84c.jpg#3,a white man with dreadlocks walks down the sidewalk .,463978865_c87c6ca84c.jpg,flickr8k/Flicker8k_Dataset,norm_mention
872622575_ba1d3632cc.jpg#4,a young white man is climbing a mountain with a rope as a guide .,872622575_ba1d3632cc.jpg,flickr8k/Flicker8k_Dataset,norm_mention
28095,a white man riding a bicycle down a sidewalk.,000000331366.jpg,coco/train2017,norm_mention
71706,a white woman in a red robe is sitting at a dining table.,000000399879.jpg,coco/train2017,norm_mention
289541,a white man mixing food in a bowl behind a girl who is reaching into another bowl in a kitchen.,000000254589.jpg,coco/train2017,norm_mention
409719,a white man holding a remote control in his mouth.,000000491223.jpg,coco/train2017,norm_mention
493582,a young white man holding a skateboard while wearing head phones.,000000434689.jpg,coco/train2017,norm_mention
526835,a white woman is standing in a room taking a picture of herslf,000000141197.jpg,coco/train2017,norm_mention
697020,a little white girl holding a brown stuffed animal.,000000543408.jpg,coco/train2017,norm_mention
784194,a white woman and her cat nervously look at the camera,000000281296.jpg,coco/train2017,norm_mention
805695,a white man speeds between cars and a bus on his skateboard on the street in a city,000000559730.jpg,coco/train2017,norm_mention
69623,characters from cat in the hat in front of a white man and child.,000000111806.jpg,coco/train2017,norm_mention
87309,a blonde white woman standing in front of a red double decker bus.,000000213693.jpg,coco/train2017,norm_mention
652808,a couple of giraffes being feed by white people at the zoo.,000000148568.jpg,coco/train2017,norm_mention
668688,a group of white people that are taking a picture,000000193936.jpg,coco/train2017,norm_mention
682704,a white man and a lady sitting on a bench reading their newspapers with a dog tied to the bench.,000000516422.jpg,coco/train2017,norm_mention
719119,a pair of white men wearing waders stand in shallow water.,000000013132.jpg,coco/train2017,norm_mention
14150,a white man wearing a polo and a tie posing.,000000372300.jpg,coco/train2017,norm_mention
46574,this is an image of a white woman with an umbrella with a sign on it.,000000428336.jpg,coco/train2017,norm_mention
117460,a white woman holding a pink jacket next to a man wearing a tie.,000000504561.jpg,coco/train2017,norm_mention
201187,a little white boy wearing a tie and a blue sweater.,000000340844.jpg,coco/train2017,norm_mention
246174,black and white photo of white woman holding umbrella,000000240213.jpg,coco/train2017,norm_mention
269943,black and white image of a white person doing parking meter collections.,000000447009.jpg,coco/train2017,norm_mention
272674,a couple of white men standing on a boat next to a small dog.,000000290839.jpg,coco/train2017,norm_mention
379529,a white man playing a keyboard with a spot light on him.,000000227884.jpg,coco/train2017,norm_mention
427460,a white woman bending down to pet a baby elephant.,000000013550.jpg,coco/train2017,norm_mention
438194,a white person stands with a tie and skirt on.,000000199403.jpg,coco/train2017,norm_mention
444780,a white guy is standing in an airport with several bags of luggage.,000000144379.jpg,coco/train2017,norm_mention
494150,a white man with his foot on the face of someone lying on the ground.,000000123244.jpg,coco/train2017,norm_mention
522085,a white man dressed in  suit and tie holding a wine glass in his mouth. ,000000107234.jpg,coco/train2017,norm_mention
712755,a young white man with a turqoise tie is smiling,000000456558.jpg,coco/train2017,norm_mention
428,a horse is pulling two white people in a carriage on a street.,000000359925.jpg,coco/train2017,norm_mention
113552,a couple of white guys playing with a frisbee,000000537999.jpg,coco/train2017,norm_mention
163619,a young white man on a skateboard doing tricks,000000122120.jpg,coco/train2017,norm_mention
215415,a white person riding skis down a snow covered slope.,000000432146.jpg,coco/train2017,norm_mention
357848,a little white girl drinking from her cup with orange slices in front of her.,000000270609.jpg,coco/train2017,norm_mention
373299,a white person running on a large baseball field.,000000393674.jpg,coco/train2017,norm_mention
387168,a white man pitching a baseball on top of a field.,000000192095.jpg,coco/train2017,norm_mention
429372,a white boy doing a trick on a rail with his skate board ,000000495989.jpg,coco/train2017,norm_mention
465457,a white woman standing on top of  a lush green field.,000000129852.jpg,coco/train2017,norm_mention
478589,a young white girl riding skis on top of a snow covered ground.,000000191158.jpg,coco/train2017,norm_mention
580612,a white woman sitting in a stream using a frisbee to sift sand,000000085192.jpg,coco/train2017,norm_mention
645618,a little white girl riding a pony and man holding the pony's reins. ,000000324291.jpg,coco/train2017,norm_mention
771561,multiple images overlaid of several white women playing frisbee.,000000438539.jpg,coco/train2017,norm_mention
15785,a white women holding a baby brushing its teeth.,000000000692.jpg,coco/train2017,norm_mention
38244,a white man in a blue shirt is playing tennis,000000298633.jpg,coco/train2017,norm_mention
39302,a young white woman cutting into a cake and serving it.,000000292464.jpg,coco/train2017,norm_mention
137112,a group of pretty young white ladies playing a game of soccer.,000000265407.jpg,coco/train2017,norm_mention
138866,a white man in white playing tennis with a racket.,000000128058.jpg,coco/train2017,norm_mention
227619,a white woman standing next to a table holding a sheet cake.,000000475398.jpg,coco/train2017,norm_mention
228288,a white person laying on a beach next to a  white surfboard.,000000014029.jpg,coco/train2017,norm_mention
317880,a white man holding a hotdog in one hand and a bun i the other.,000000051335.jpg,coco/train2017,norm_mention
335065,a white man eating a hotdog in a crowded stadium.,000000515444.jpg,coco/train2017,norm_mention
351484,a white woman riding a wave on top of a surfboard.,000000073333.jpg,coco/train2017,norm_mention
388935,a white woman using a laptop in the dark on a bed,000000146871.jpg,coco/train2017,norm_mention
473349,a young white man is about to ride the ramp on his skateboard. ,000000274240.jpg,coco/train2017,norm_mention
492723,a white man getting ready to hit a tennis ball with a racket,000000367929.jpg,coco/train2017,norm_mention
565177,a white man holding a donut in a napkin up to his mouth.,000000106244.jpg,coco/train2017,norm_mention
576892,a white woman with a life jacket on holding onto a rope while engaging in a water sport. ,000000045627.jpg,coco/train2017,norm_mention
585720,a white man holding a tennis racquet on top of a tennis court.,000000318825.jpg,coco/train2017,norm_mention
612983,the old white man literally has a toothbrush mustache.,000000052312.jpg,coco/train2017,norm_mention
638712,a young white girl who is looking at a tray of cupcakes. ,000000360983.jpg,coco/train2017,norm_mention
654105,a white man opens his mouth wide and holds a piece of food.,000000095249.jpg,coco/train2017,norm_mention
701727,a white woman is smiling at a cake with candles on it.,000000429985.jpg,coco/train2017,norm_mention
720033,a white woman laying in bed with just a blanket covering her,000000366748.jpg,coco/train2017,norm_mention
763798,the elderly white man is roasting hotdogs on a grill. ,000000112568.jpg,coco/train2017,norm_mention
777922,several young white girls sitting on a couch and playing wii.,000000536000.jpg,coco/train2017,norm_mention
795137,a white girl in a soccer uniform playing a soccer game.,000000029524.jpg,coco/train2017,norm_mention
809875,a white guy on a surfboard riding a wave in the ocean.,000000143101.jpg,coco/train2017,norm_mention
56835,a white person in tennis wear holding a tennis racket,000000570848.jpg,coco/train2017,norm_mention
83835,a white child holding a motorola cell phone in its hand ,000000135210.jpg,coco/train2017,norm_mention
99511,young white boy with t-ball and bat pointing at ball.,000000404613.jpg,coco/train2017,norm_mention
132676,a group of white people at a table using laptops,000000451324.jpg,coco/train2017,norm_mention
175517,there are some white men playing a video game together,000000221303.jpg,coco/train2017,norm_mention
201350,a white man holding a baseball bat on a field.,000000231343.jpg,coco/train2017,norm_mention
202606,a white boy in yellow shirt playing a game with a nintendo wii controller.,000000540133.jpg,coco/train2017,norm_mention
259723,a white man eats food from a bowl as another  sits at a black laptop at a table in an outdoor area.,000000574069.jpg,coco/train2017,norm_mention
288467,a white woman lounging on a beach chair holding two phones.,000000535682.jpg,coco/train2017,norm_mention
341522,a smiling white girl is talking on a phone.,000000368367.jpg,coco/train2017,norm_mention
464525,a white man holding a tennis racket on a tennis court.,000000042743.jpg,coco/train2017,norm_mention
519243,a white man standing on top of a tennis court holding a racquet.,000000207832.jpg,coco/train2017,norm_mention
578636,the white man is playing video games in the living room,000000010205.jpg,coco/train2017,norm_mention
642946,a white man on a tandem bicycle stopped while checking his cellphone.,000000541486.jpg,coco/train2017,norm_mention
692848,the back of a head of a white person taking a picture with a smartphone.,000000510861.jpg,coco/train2017,norm_mention
752873,a white man holding a camera and talking on a phone.,000000141135.jpg,coco/train2017,norm_mention
623227,a group of white people sitting at a table in a bar working on paper work.,000000351017.jpg,coco/train2017,norm_mention
667545,a white woman is holding a spoon in a blue bowl of food.,000000058425.jpg,coco/train2017,norm_mention
296799,a white woman in the kitchen with lots of food.,000000303431.jpg,coco/train2017,norm_mention
307145,a little white boy riding skis down a snow covered ski slope.,000000386684.jpg,coco/train2017,norm_mention
316296,a pretty white girl wearing glasses and pearls taking a selfie with her cell phone.,000000098013.jpg,coco/train2017,norm_mention
381449,a shirtless white man outside getting ready to swing a baseball bat.,000000564481.jpg,coco/train2017,norm_mention
412325,a white woman walking in a park looking at her phone.,000000499135.jpg,coco/train2017,norm_mention
423610,a little white boy in a kitchen is pointing.,000000172680.jpg,coco/train2017,norm_mention
585029,a white woman sitting on top of a bench on a boat.,000000059034.jpg,coco/train2017,norm_mention
636072,two white women take a picture of their reflection in a bathroom mirror.,000000263084.jpg,coco/train2017,norm_mention
672159,a white person is looking at some food on a counter,000000264092.jpg,coco/train2017,norm_mention
676393,white girl posing for a picture holding a white dog.,000000430394.jpg,coco/train2017,norm_mention
789442,a white man wearing a life jacket working on a sail boat on the beach.,000000391367.jpg,coco/train2017,norm_mention
812840,the white man is looking at the candles on a small cake. ,000000508741.jpg,coco/train2017,norm_mention
15576,a police white man saying something to some people.,000000046473.jpg,coco/train2017,norm_mention
32072,a white man and a wo sit on top of a motorcycle. ,000000385037.jpg,coco/train2017,norm_mention
50422,a white man riding a motor bike across a forest.,000000000086.jpg,coco/train2017,norm_mention
75081,a white man holding his nose while hunched over a toilet.,000000135989.jpg,coco/train2017,norm_mention
106757,a couple of white men riding on to of motorcycles with other  sitting on their shoulders.,000000064744.jpg,coco/train2017,norm_mention
116366,a white man riding a motorcycle with a wo and a baby sitting on the back of it.,000000220504.jpg,coco/train2017,norm_mention
123857,a white man in a neon yellow safety jacket riding a motorcycle down a street.,000000073361.jpg,coco/train2017,norm_mention
251229,a white woman is standing outside near a line of pink motorcycles.,000000140180.jpg,coco/train2017,norm_mention
413808,a crowd of white people standing next to a parked truck.,000000235069.jpg,coco/train2017,norm_mention
423421,a white man sitting on top of a white toilet near a little girl.,000000515431.jpg,coco/train2017,norm_mention
474504,three white men on motorcycles riding on the side of a wall.,000000233384.jpg,coco/train2017,norm_mention
557078,a white man riding on the back of a red motorcycle.,000000556739.jpg,coco/train2017,norm_mention
719648,a white woman wearing a neck tie and glasses.,000000233004.jpg,coco/train2017,norm_mention
736283,a white man that is sitting on a motorcycle.,000000314257.jpg,coco/train2017,norm_mention
188943,a white man with a brown and white dog sitting on a bench.,000000145292.jpg,coco/train2017,norm_mention
250480,a white child petting a lamb through a fence.,000000407548.jpg,coco/train2017,norm_mention
340012,a very small white boy playing with a toy.,000000482894.jpg,coco/train2017,norm_mention
367757,a white man releasing the valve on a red fire hydrant.,000000077533.jpg,coco/train2017,norm_mention
488673,two white women kneeling in the grass next to lambs.,000000124694.jpg,coco/train2017,norm_mention
602518,a young white boy sitting on top of a wooden bench.,000000545181.jpg,coco/train2017,norm_mention
669634,a group of white men murdering innocent sheep as the sheep bleed out into a street.,000000331577.jpg,coco/train2017,norm_mention
703260,a white woman sitting on a park bench on a feild,000000321382.jpg,coco/train2017,norm_mention
809417,"a white child sits on a city bus, using a computer.",000000036663.jpg,coco/train2017,norm_mention
152158,a beautiful blond standing on a bed as a white man lays in it.,000000148422.jpg,coco/train2017,norm_mention
188675,a white kid holding a dog standing in front of a building.,000000505979.jpg,coco/train2017,norm_mention
401872,a white man walking next to a tall building near a window.,000000446521.jpg,coco/train2017,norm_mention
437893,a white man is tending to a couple of sheep,000000178840.jpg,coco/train2017,norm_mention
530851,a young white boy who is sitting next to a piece of luggage.,000000095211.jpg,coco/train2017,norm_mention
561156,"a white man is wearing white makeup, a straw hat and a colorful tie. ",000000332227.jpg,coco/train2017,norm_mention
700373,a little white boy in the seat of an truck. ,000000279848.jpg,coco/train2017,norm_mention
767129,white men with luggage are coming down an escalator.,000000396611.jpg,coco/train2017,norm_mention
222892,a white woman in a yellow shirt standing in front of a parking meter.,000000150151.jpg,coco/train2017,norm_mention
232980,a white man wearing a white shirt and blue tie.,000000141386.jpg,coco/train2017,norm_mention
239943,an image of a white woman looking for a bag ,000000454205.jpg,coco/train2017,norm_mention
278566,a white man takes a picture of a reflection in a mirror of white semi truck. ,000000392352.jpg,coco/train2017,norm_mention
496863,a very well dressed white man with a plate of cake.,000000204219.jpg,coco/train2017,norm_mention
505408,a couple of white men standing next to each other near a parking lot.,000000118960.jpg,coco/train2017,norm_mention
589239,"a young white man laying in a hammock, while holding a black umbrella.",000000250401.jpg,coco/train2017,norm_mention
606260,a picture of a white man sitting with a hat on. ,000000440904.jpg,coco/train2017,norm_mention
19969,a photo of a proud white man and an award,000000353942.jpg,coco/train2017,norm_mention
69346,"a pair of men's shoes, a rug, a suitcase, and a framed print of a white girl with a dog.",000000535650.jpg,coco/train2017,norm_mention
95763,two white men standing next to each other at a bar having a drink.,000000496128.jpg,coco/train2017,norm_mention
97977,a white man and a wo standing behind luggage at an airport.,000000525678.jpg,coco/train2017,norm_mention
99936,white man standing in airport with luggage either arriving or departing.,000000375947.jpg,coco/train2017,norm_mention
108131,a white woman with brown glasses has a nose ring and a bow tie.,000000359094.jpg,coco/train2017,norm_mention
194834,two white women and a child holding umbrellas in front of a store.,000000402689.jpg,coco/train2017,norm_mention
201452,a white man holding a luggage cart next to a small child.,000000297695.jpg,coco/train2017,norm_mention
213393,the white girl in a blue dress has a green umbrella.,000000490035.jpg,coco/train2017,norm_mention
266121,a white woman sitting on a red couch wearing no panties.,000000199166.jpg,coco/train2017,norm_mention
311731,the white man wearing a suit has a red tie.,000000573165.jpg,coco/train2017,norm_mention
318468,a white woman under an umbrella with a group of people.,000000206680.jpg,coco/train2017,norm_mention
361161,an elephant stands in the grass while white people take picture from afar. ,000000549088.jpg,coco/train2017,norm_mention
376011,a little white boy wearing his father's oversize purple shirt.,000000218644.jpg,coco/train2017,norm_mention
402479,a group of white people sitting in a audience with pen and paper.,000000228181.jpg,coco/train2017,norm_mention
403461,white guy and woman in glasses shake hands while exchanging gifts.,000000399970.jpg,coco/train2017,norm_mention
413922,a group of white people sitting next to each other on a bench.,000000092975.jpg,coco/train2017,norm_mention
510610,a group of four white men smiling for the camera.,000000509132.jpg,coco/train2017,norm_mention
581545,this is a slightly older photograph of a young white man in a suit.,000000296139.jpg,coco/train2017,norm_mention
597444,a white man wearing a striped tie and a hat.,000000107073.jpg,coco/train2017,norm_mention
639422,a white man adjusting another s neck tie slowly.,000000543663.jpg,coco/train2017,norm_mention
680092,a couple of white people are rowing in a boat,000000091712.jpg,coco/train2017,norm_mention
682097,there is a white man that is dressed as indiana jones,000000435713.jpg,coco/train2017,norm_mention
719065,a white man walking across a street in the rain.,000000300028.jpg,coco/train2017,norm_mention
809725,white people standing in a airport that are holding luggage.,000000188585.jpg,coco/train2017,norm_mention
809900,a young white lady standing in a courtyard with her luggage.,000000084896.jpg,coco/train2017,norm_mention
812047,a white man stands in frame with his arms crossed wearing a black suit,000000271113.jpg,coco/train2017,norm_mention
2804,a white kid in a white shirt and black shorts catches a frisbee.,000000478809.jpg,coco/train2017,norm_mention
5046,a white man is making waves while surf skiing. ,000000120185.jpg,coco/train2017,norm_mention
54272,two white people are throwing a frisbee to each other,000000087680.jpg,coco/train2017,norm_mention
94025,a white woman laying next to a dog with a lot of fur,000000115569.jpg,coco/train2017,norm_mention
105806,a cgi white woman in a bikini holding a surfboard while standing on a beach.,000000474725.jpg,coco/train2017,norm_mention
146808,a white woman is on the opposite side of the fence feeding a horse,000000440311.jpg,coco/train2017,norm_mention
188721,a white man is riding a horse on the green,000000002211.jpg,coco/train2017,norm_mention
210296,two white men in field catching a white frisbee.,000000100012.jpg,coco/train2017,norm_mention
266521,a young white woman and a man standing next to each other on a park.,000000264307.jpg,coco/train2017,norm_mention
349851,a white man in green jersey throwing a baseball.,000000366967.jpg,coco/train2017,norm_mention
415771,a white man is playing with a frisbee in the park.,000000191400.jpg,coco/train2017,norm_mention
420011,white woman in jeans and pink shirt riding a horse.,000000142428.jpg,coco/train2017,norm_mention
424161,a young white man riding on the back of a brown horse.,000000347697.jpg,coco/train2017,norm_mention
432472,two white people are attempting to catch a frisbee.,000000473658.jpg,coco/train2017,norm_mention
479543,a couple of white men laying in bed under a blanket with a dog.,000000497494.jpg,coco/train2017,norm_mention
486167,a bunch of white people play a game of frisbe in a park area ,000000201059.jpg,coco/train2017,norm_mention
499336,a white man catching the disc during a game of ultimate frisbee.,000000502288.jpg,coco/train2017,norm_mention
540567,two white people are riding horses while another leads a pony.,000000125735.jpg,coco/train2017,norm_mention
585371,a young white boy swinging a bat on top of a field.,000000455639.jpg,coco/train2017,norm_mention
690498,a white person standing outside on the beach looking at a frisbee. ,000000207363.jpg,coco/train2017,norm_mention
760835,a white woman standing in a field throws a frisbee.,000000334751.jpg,coco/train2017,norm_mention
2373,older white person helping a young girl water ski,000000350361.jpg,coco/train2017,norm_mention
4223,white man playing baseball with a crowd in background.,000000027345.jpg,coco/train2017,norm_mention
57434,young white kid skateboarding on a sidewalk while listening to his headphones.,000000506463.jpg,coco/train2017,norm_mention
254900,a group of white people riding skis through the snow.,000000373683.jpg,coco/train2017,norm_mention
265559,a white man riding a skateboard over an obstacle.,000000277852.jpg,coco/train2017,norm_mention
269372,a white man standing naked while holding a bunch of yellow bananas.,000000496116.jpg,coco/train2017,norm_mention
309235,the young white men are on the field practicing baseball. ,000000317149.jpg,coco/train2017,norm_mention
366956,a white person on a skateboard does a trick in a bowl.,000000341942.jpg,coco/train2017,norm_mention
385123,group of white women sitting around a dinner table eating. ,000000213274.jpg,coco/train2017,norm_mention
399722,a white man flying through the air while riding a skateboard.,000000370102.jpg,coco/train2017,norm_mention
421146,a little white boy standing in a hallway with a baseball mitt,000000541131.jpg,coco/train2017,norm_mention
479724,a white woman smiling while holding a sandwich in her hands.,000000128514.jpg,coco/train2017,norm_mention
632423,a small white child in a white top holding a piece of broccoli,000000573956.jpg,coco/train2017,norm_mention
634016,a white person standing on a skate board and wearing a bike helmet,000000146348.jpg,coco/train2017,norm_mention
660812,a white man eats a banana while standing outside.,000000096705.jpg,coco/train2017,norm_mention
730276,a white man riding a skateboard up into the air.,000000029116.jpg,coco/train2017,norm_mention
747350,a white man wearing a helmet is skateboarding on a ramp.,000000573949.jpg,coco/train2017,norm_mention
21546,a little white girl watches a birth cake being cut.,000000031187.jpg,coco/train2017,norm_mention
34963,a white child shops for toys and eats a doughnut ,000000175540.jpg,coco/train2017,norm_mention
86026,a young white boy in a soccer uniform kicking a ball,000000002446.jpg,coco/train2017,norm_mention
98077,a young blond haired white boy eating food while standing on a grass covered field.,000000150537.jpg,coco/train2017,norm_mention
117502,a pretty little white girl eating a foot long hot dog on a bun.,000000039360.jpg,coco/train2017,norm_mention
186566,a white man pushing a surfboard with a small boy standing on it,000000054938.jpg,coco/train2017,norm_mention
202473,a white man sitting down at a table eating food.,000000496732.jpg,coco/train2017,norm_mention
262723,a white man riding a skateboard down cement pillars.,000000057767.jpg,coco/train2017,norm_mention
299991,a white woman skiing down the side of a snow covered mountain.,000000200103.jpg,coco/train2017,norm_mention
376711,a white woman doing tricks on a snowboard in the air. ,000000105237.jpg,coco/train2017,norm_mention
421972,a white woman uses a large knife to cut a chocolate cake.,000000492478.jpg,coco/train2017,norm_mention
426211,a white woman with a crazed expression is stabbing a birthday cake with a knife.,000000043692.jpg,coco/train2017,norm_mention
427238,a young white man riding up the side of a skateboard ramp.,000000163239.jpg,coco/train2017,norm_mention
547635,a group of white people standing on a beach holding surfboards.,000000219268.jpg,coco/train2017,norm_mention
548179,a young white man riding a skateboard down a street.,000000024103.jpg,coco/train2017,norm_mention
657927,a white man in business attire cuts a cake with a knife.,000000542915.jpg,coco/train2017,norm_mention
658367,two white people pose for a picture in the snow with a snowboard.,000000232420.jpg,coco/train2017,norm_mention
720448,a young white man holding a basketball on top of a court.,000000507969.jpg,coco/train2017,norm_mention
733307,a white child eating cake from a paper plate.,000000155106.jpg,coco/train2017,norm_mention
749518,a white man that is on a skateboard in a bowl.,000000104384.jpg,coco/train2017,norm_mention
16084,a white lady using her laptop through a knitted item,000000300568.jpg,coco/train2017,norm_mention
36314,a white woman sitting at a table eating a meal.,000000007946.jpg,coco/train2017,norm_mention
76406,a beautiful young white woman in a yellow dress holding a tennis racquet.,000000210549.jpg,coco/train2017,norm_mention
77351,six white women are standing next to a table with all kinds of desserts spread on it.,000000061375.jpg,coco/train2017,norm_mention
83698,there are three white people in a tennis court.,000000529311.jpg,coco/train2017,norm_mention
145827,this small white child is holding pizza on a red plate,000000331551.jpg,coco/train2017,norm_mention
147353,a little white girl with curly hair reclining on pillows.,000000278204.jpg,coco/train2017,norm_mention
176864,a white man in a wetsuit surfing in the ocean.,000000409058.jpg,coco/train2017,norm_mention
181913,a white man and a wo holding tennis racquets.,000000502015.jpg,coco/train2017,norm_mention
199213,a white man in a black wetsuit is surfing.,000000571633.jpg,coco/train2017,norm_mention
202281,a white man standing next to a wo holding a tennis racquet.,000000389772.jpg,coco/train2017,norm_mention
225137,a white person swinging a tennis racket on a tennis court.,000000184858.jpg,coco/train2017,norm_mention
249212, a white man in a bowler hat working on a laptop.,000000543617.jpg,coco/train2017,norm_mention
254556,a beautiful white woman sitting next to a little girl eating pizza.,000000532224.jpg,coco/train2017,norm_mention
391654,the white man is playing a game of tennis on the court. ,000000531201.jpg,coco/train2017,norm_mention
392319,a group of white children seated at a table eating pizza,000000138387.jpg,coco/train2017,norm_mention
503591,a white man gets ready to try and kick a soccer ball into a goal,000000348291.jpg,coco/train2017,norm_mention
508699,a white woman standing on a court holding a racquet.,000000356174.jpg,coco/train2017,norm_mention
564534,a white man playing tennis on  a tennis court.,000000272007.jpg,coco/train2017,norm_mention
600919,a beautiful white woman laying in bed naked under a sheet.,000000347256.jpg,coco/train2017,norm_mention
618206,a white women sitting in a chair that is in the corner of a room next to a table.,000000100386.jpg,coco/train2017,norm_mention
620131,a white woman is standing in front of a bakery counter.,000000558910.jpg,coco/train2017,norm_mention
631571,a white person standing in front of a fence holding a tennis racket.,000000246563.jpg,coco/train2017,norm_mention
631800,the young white woman is licking the bread of a sandwich.,000000073860.jpg,coco/train2017,norm_mention
636051,these two white girls fight for the ball at a high school soccer match,000000091666.jpg,coco/train2017,norm_mention
660024,a white woman serves the ball during a mixed doubles tennis match on a grass court.,000000451389.jpg,coco/train2017,norm_mention
711779,a little white girl that is laying down with a book.,000000468956.jpg,coco/train2017,norm_mention
737890,a group of white people are sitting at the table eating pizza,000000111754.jpg,coco/train2017,norm_mention
750477,this is a white woman eating a giant slice of pizza,000000110811.jpg,coco/train2017,norm_mention
800950,a white woman is on a court with a tennis racket,000000329847.jpg,coco/train2017,norm_mention
806008,a white man opens his mouth wide to take a bite of his food,000000446494.jpg,coco/train2017,norm_mention
120088,a white man and a wo in a spare living room space standing far apart from each other,000000418736.jpg,coco/train2017,norm_mention
313877,a white man holding a whisk and a nintendo wii controller.,000000138284.jpg,coco/train2017,norm_mention
349661,a white woman in white shirt standing at a stove with two pizzas.,000000450111.jpg,coco/train2017,norm_mention
382440,a white man in a hat is holding two cell phones.,000000004993.jpg,coco/train2017,norm_mention
535267,a young white woman lounging on a chair with her feet up talking on the phone. ,000000531016.jpg,coco/train2017,norm_mention
564875,a young white woman is flying a kite outside,000000023919.jpg,coco/train2017,norm_mention
589089,a couple of white people sitting in a park brushing their teeth.,000000030983.jpg,coco/train2017,norm_mention
677050,a group of white people with a remote in a room.,000000416723.jpg,coco/train2017,norm_mention
720501,a white woman standing on top of a tennis court.,000000041962.jpg,coco/train2017,norm_mention
744498,a white women who is looking at her cell phone.,000000403677.jpg,coco/train2017,norm_mention
768975,a white woman that is laying down with a dog on a couch.,000000345855.jpg,coco/train2017,norm_mention
58255,a white person holding a mobile phone with a picture of a man on it's display screen.,000000229940.jpg,coco/train2017,norm_mention
94651,a white man wearing a white head band holding a tennis racquet.,000000264340.jpg,coco/train2017,norm_mention
123497,a white man wearing a helmet next to a bicycle holding something in his hands.,000000534511.jpg,coco/train2017,norm_mention
168618,a white man wearing glasses eating a slice of pizza.,000000135369.jpg,coco/train2017,norm_mention
202172,a white man in red jersey carrying a baseball bat.,000000145631.jpg,coco/train2017,norm_mention
215322,a group of white people sitting around watching a man make glass.,000000324705.jpg,coco/train2017,norm_mention
232277,a white man holding a tennis racquet on a tennis court.,000000298545.jpg,coco/train2017,norm_mention
314473,a group of young white men sitting on concrete ledge eating pizza.,000000325710.jpg,coco/train2017,norm_mention
367670,a white woman in pink shirt placing a pizza in oven.,000000022501.jpg,coco/train2017,norm_mention
434481,a white woman in a wheelchair flipping off the camera.,000000486154.jpg,coco/train2017,norm_mention
504492,a white man talking on a cell phone next to another .,000000523455.jpg,coco/train2017,norm_mention
543585,there are white people at a table with drinks.,000000047256.jpg,coco/train2017,norm_mention
554985,a group of white children are playing baseball on a field.,000000045284.jpg,coco/train2017,norm_mention
589127,a white person that is talking on a phone,000000168739.jpg,coco/train2017,norm_mention
686370,a white woman is swinging a wooden stick while a man watches.,000000525580.jpg,coco/train2017,norm_mention
699207,a white man in white holding a bat on the field playing,000000024571.jpg,coco/train2017,norm_mention
711155,a white man that is in the dirt with a baseball bat.,000000105987.jpg,coco/train2017,norm_mention
711842,a group of white people that are sitting on a wooden bench.,000000294466.jpg,coco/train2017,norm_mention
757920,this is a white woman playing tennis on a court,000000068895.jpg,coco/train2017,norm_mention
93535,white woman smiles at ribbon cutting ceremony for charity walk,000000177538.jpg,coco/train2017,norm_mention
191014,"two white women a man and a baby sit at a table eating food, talking and drinking soda in a kitchen.",000000515710.jpg,coco/train2017,norm_mention
220033,a group of three white women sitting down having salads.,000000370383.jpg,coco/train2017,norm_mention
288092,two white women getting food and beverage from a table. ,000000049128.jpg,coco/train2017,norm_mention
378996,a white man stands next to a clock in a circle.,000000400729.jpg,coco/train2017,norm_mention
442129,white people sitting around a restaurant table with a bright table cloth ,000000206583.jpg,coco/train2017,norm_mention
464129,a group of white women are around a large dining table.,000000437620.jpg,coco/train2017,norm_mention
548501,a white man standing in front of a refrigerator in a kitchen.,000000302240.jpg,coco/train2017,norm_mention
550551,"a white man sitting at a table with a plate of food, dessert and a cell phone in his hand. ",000000259655.jpg,coco/train2017,norm_mention
583083,a white man and wo are drinking wine outside. ,000000334184.jpg,coco/train2017,norm_mention
666858,a little white boy getting ready to cut a piece of paper.,000000357904.jpg,coco/train2017,norm_mention
743071,a white child is eating food from a tray.,000000511550.jpg,coco/train2017,norm_mention
757387,a blonde white girl doll holding a dog stuffed animal.,000000499130.jpg,coco/train2017,norm_mention
778512,a little white boy that is laying down with a stuffed bear.,000000023746.jpg,coco/train2017,norm_mention
804551,a bald white man on a persian carpet with a glass of wine,000000075341.jpg,coco/train2017,norm_mention
483967,a black and a white woman standing under an umbrella,000000482590.jpg,coco/train2017,norm_mention
382840,a television that is on with a white man talking and campaign signs,000000408789.jpg,coco/train2017,norm_mention
299458,a white man with a beard wearing a white shirt and gold tie.,000000437459.jpg,coco/train2017,norm_mention
410277,a little white boy walking a big cow.,000000354242.jpg,coco/train2017,norm_mention
560606,a black and white picture of a white man singing a song,000000140087.jpg,coco/train2017,norm_mention
59124,an old white guy is happy that his first surfing adventure went well,000000205670.jpg,coco/train2017,norm_mention
598500,a white woman smiles at a large pizza in a box,000000565986.jpg,coco/train2017,norm_mention
615603,a white man holding a toothbrush and a tube of tooth paste,000000414212.jpg,coco/train2017,norm_mention
659515,a white kid with dreadlocks eating a large sandwich. ,000000112269.jpg,coco/train2017,norm_mention
42766,white people looking ridiculous playing wii and drinking beer.,000000217546.jpg,coco/train2017,norm_mention
168324,a very hairy white man celebrating with his wii remotes.,000000275755.jpg,coco/train2017,norm_mention
361732,a group of white people at a small party/gathering.,000000010966.jpg,coco/train2017,norm_mention
407537,a white woman with a blue shirt and a black skirt playing tennis ,000000409016.jpg,coco/train2017,norm_mention
418174,a white woman wearing a white hat and uniform,000000133620.jpg,coco/train2017,norm_mention
611557,a white woman sitting on a couch talking on her cellphone ,000000338384.jpg,coco/train2017,norm_mention
650451,two photos are presented white people talking on their phone.,000000341712.jpg,coco/train2017,norm_mention
427863,a white man holding a black and white dog ,000000355778.jpg,coco/train2017,norm_mention
461555,a red and white boy van made out of lego blocks.,000000453899.jpg,coco/train2017,norm_mention
610765,a white woman in a white top talking on her cellphone ,000000565091.jpg,coco/train2017,norm_mention
348051,a white man with chinese females in some office.,000000049408.jpg,coco/train2017,norm_mention
552774,a white girl laying down on a grey bench ,000000011256.jpg,coco/train2017,norm_mention
751206,the cute white woman sits alone on the bus.,000000372319.jpg,coco/train2017,norm_mention
439355,white man with gold chain and cell phone,000000258272.jpg,coco/train2017,norm_mention
804544,a happy white man with sunglasses on a boat. ,000000067802.jpg,coco/train2017,norm_mention
56537,a white man in a black suit looks at the camera.,000000381540.jpg,coco/train2017,norm_mention
659416,a black and white photograph of a white man with a large tie. ,000000071307.jpg,coco/train2017,norm_mention
8735,young white girl holding a suit case in a forest.,000000110547.jpg,coco/train2017,norm_mention
30972,black and white man walking down street with suitcase,000000249561.jpg,coco/train2017,norm_mention
281623,"a white guy in business attire and handkerchief in pocket, smiling",000000491999.jpg,coco/train2017,norm_mention
297669,a white woman and a man from india standing in front of a window.,000000012614.jpg,coco/train2017,norm_mention
383147,a white man in a suit holding papers,000000130540.jpg,coco/train2017,norm_mention
518044,a white man playing with an elephant outside,000000466797.jpg,coco/train2017,norm_mention
521763,an old white man with eye glasses holding a book,000000366500.jpg,coco/train2017,norm_mention
559217,two white men in ties are standing around talking.,000000095944.jpg,coco/train2017,norm_mention
576167,a white man standing in front of a building ,000000233644.jpg,coco/train2017,norm_mention
605618,two white people pet a large elephant on the trunk.,000000158020.jpg,coco/train2017,norm_mention
661882,black and white person standing with an umbrella,000000051862.jpg,coco/train2017,norm_mention
484010,a black and white man on a horse,000000511103.jpg,coco/train2017,norm_mention
410105,a blue and white woman holding a surfboard on top of a beach.,000000276017.jpg,coco/train2017,norm_mention
693720,a statue of a blue and white woman beside a blue and white surf board.,000000019388.jpg,coco/train2017,norm_mention
378058,a mature white woman sitting on a full size bed.,000000511676.jpg,coco/train2017,norm_mention
418192,a white man with a yellow and black uniform playing soccer,000000526968.jpg,coco/train2017,norm_mention
568858,a white woman in a white tennis outfit playing tennis,000000073786.jpg,coco/train2017,norm_mention
598594,a white woman dressed in pink plays professional tennis,000000114945.jpg,coco/train2017,norm_mention
289455,a white woman with a laptop and projector explain something to a group of black students,000000095455.jpg,coco/train2017,norm_mention
418053,a little white boy in a red shirt brushing his teeth,000000268835.jpg,coco/train2017,norm_mention
598493,a group of white women smiling on a couch,000000557483.jpg,coco/train2017,norm_mention
823352,staring white man has toothbrush in his mouth,000000318631.jpg,coco/train2017,norm_mention
309885,"two pictures side by side of a young white girl in a pink top, one holding a cell phone picture of her sibling, and the other with her sibling",000000018683.jpg,coco/train2017,norm_mention
398493,a white man with a goatee talking into a cell phone,000000227883.jpg,coco/train2017,norm_mention
501534,a white man drinking a drink and talking on his cell phone in a field.,000000188405.jpg,coco/train2017,norm_mention
621313,a little white boy standing in front of a steel fridge ,000000032513.jpg,coco/train2017,norm_mention
151753,older white people talk over dinner at party,000000409825.jpg,coco/train2017,norm_mention
